drugid,smiles
DB00014,CC(C)C[C@H](NC(=O)[C@@H](COC(C)(C)C)NC(=O)[C@H](CC1=CC=C(O)C=C1)NC(=O)[C@H](CO)NC(=O)[C@H](CC1=CNC2=CC=CC=C12)NC(=O)[C@H](CC1=CN=CN1)NC(=O)[C@@H]1CCC(=O)N1)C(=O)N[C@@H](CCCN=C(N)N)C(=O)N1CCC[C@H]1C(=O)NNC(N)=O
DB00035,NC(=O)CC[C@@H]1NC(=O)[C@H](CC2=CC=CC=C2)NC(=O)[C@H](CC2=CC=C(O)C=C2)NC(=O)CCSSC[C@H](NC(=O)[C@H](CC(N)=O)NC1=O)C(=O)N1CCC[C@H]1C(=O)N[C@@H](CCCNC(N)=N)C(=O)NCC(N)=O
DB00091,CCC1NC(=O)C(C(O)C(C)CC=CC)N(C)C(=O)C(C(C)C)N(C)C(=O)C(CC(C)C)N(C)C(=O)C(CC(C)C)N(C)C(=O)C(C)NC(=O)C(C)NC(=O)C(CC(C)C)N(C)C(=O)C(NC(=O)C(CC(C)C)N(C)C(=O)CN(C)C1=O)C(C)C
DB00104,C[C@@H](O)[C@@H](CO)NC(=O)[C@@H]1CSSC[C@H](NC(=O)[C@H](N)CC2=CC=CC=C2)C(=O)N[C@@H](CC2=CC=CC=C2)C(=O)N[C@H](CC2=CNC3=C2C=CC=C3)C(=O)N[C@@H](CCCCN)C(=O)N[C@@H](C(C)O)C(=O)N1
DB00114,CC1=NC=C(COP(O)(O)=O)C(C=O)=C1O
DB00115,OC[C@H]1O[C@@H]([C@H](O)[C@@H]1OP(O)(=O)O[C@]([H])(C)CNC(=O)CC[C@]1(C)[C@@H](CC(=O)N)[C@@]2([H])N([Co]C#N)C1=C(C)/C1=N/C(=CC3=NC(=C(C)/C4=N[C@]2(C)[C@@](C)(CC(=O)N)[C@@H]4CCC(=O)N)[C@@](C)(CC(=O)N)[C@@H]3CCC(=O)N)/C(C)(C)[C@@H]1CCC(=O)N)N1C=NC2=CC(C)=C(C)C=C12
DB00122,C[N+](C)(C)CCO
DB00125,N[C@@H](CCCNC(N)=N)C(O)=O
DB00126,[H][C@@]1(OC(=O)C(O)=C1O)[C@@H](O)CO
DB00131,NC1=C2N=CN([C@@H]3O[C@H](COP(O)(O)=O)[C@@H](O)[C@H]3O)C2=NC=N1
DB00136,C[C@H](CCCC(C)(C)O)[C@@]1([H])CC[C@@]2([H])C(CCC[C@]12C)=CC=C1C[C@@H](O)C[C@H](O)C1=C
DB00140,CC1=C(C)C=C2N(C[C@H](O)[C@H](O)[C@H](O)CO)C3=NC(=O)NC(=O)C3=NC2=C1
DB00153,CC(C)[C@@H](C)C=C[C@@H](C)[C@@]1([H])CC[C@@]2([H])C(CCC[C@]12C)=CC=C1C[C@@H](O)CCC1=C
DB00160,C[C@H](N)C(O)=O
DB00162,CC(=C/CO)C=CC=C(/C)C=CC1=C(C)CCCC1(C)C
DB00163,CC(C)CCC[C@@H](C)CCC[C@@H](C)CCC[C@]1(C)CCC2=C(O1)C(C)=C(C)C(O)=C2C
DB00165,CC1=C(O)C(CO)=C(CO)C=N1
DB00167,CC[C@H](C)[C@H](N)C(O)=O
DB00169,CC(C)CCC[C@@H](C)[C@@]1([H])CC[C@@]2([H])C(CCC[C@]12C)=CC=C1C[C@@H](O)CCC1=C
DB00175,[H][C@]12[C@H](C[C@H](O)C=C1C=C[C@H](C)[C@@H]2CC[C@@H](O)C[C@@H](O)CC(O)=O)OC(=O)[C@@H](C)CC
DB00176,COCCCCC(=NOCCN)C1=CC=C(C=C1)C(F)(F)F
DB00177,CCCCC(=O)N(CC1=CC=C(C=C1)C1=CC=CC=C1C1=NNN=N1)[C@@H](C(C)C)C(O)=O
DB00178,[H][C@@]12CCC[C@]1([H])N([C@@H](C2)C(O)=O)C(=O)[C@H](C)N[C@@H](CCC1=CC=CC=C1)C(=O)OCC
DB00179,C[C@@H](CC1=CC(O)=C(O)C=C1)[C@H](C)CC1=CC(O)=C(O)C=C1
DB00180,[H][C@@]12C[C@@]3([H])[C@]4([H])C[C@H](F)C5=CC(=O)C=C[C@]5(C)[C@@]4([H])[C@@H](O)C[C@]3(C)[C@@]1(OC(C)(C)O2)C(=O)CO
DB00181,NCC(CC(O)=O)C1=CC=C(Cl)C=C1
DB00182,CC(N)CC1=CC=CC=C1
DB00186,OC1N=C(C2=CC=CC=C2Cl)C2=C(NC1=O)C=CC(Cl)=C2
DB00187,COC(=O)CCC1=CC=C(OCC(O)CNC(C)C)C=C1
DB00188,CC(C)C[C@H](NC(=O)[C@H](CC1=CC=CC=C1)NC(=O)C1=CN=CC=N1)B(O)O
DB00190,O.C[C@@](CC1=CC(O)=C(O)C=C1)(NN)C(O)=O
DB00191,CC(C)(N)CC1=CC=CC=C1
DB00193,COC1=CC=CC(=C1)[C@@]1(O)CCCC[C@@H]1CN(C)C
DB00195,CC(C)NCC(O)COC1=CC=C(CCOCC2CC2)C=C1
DB00199,CC[C@H]1OC(=O)[C@H](C)[C@@H](O[C@H]2C[C@@](C)(OC)[C@@H](O)[C@H](C)O2)[C@H](C)[C@@H](O[C@@H]2O[C@H](C)C[C@@H]([C@H]2O)N(C)C)[C@](C)(O)C[C@@H](C)C(=O)[C@H](C)[C@@H](O)[C@]1(C)O
DB00201,CN1C=NC2=C1C(=O)N(C)C(=O)N2C
DB00203,CCCC1=NN(C)C2=C1NC(=NC2=O)C1=C(OCC)C=CC(=C1)S(=O)(=O)N1CCN(C)CC1
DB00204,CN(CCOC1=CC=C(NS(C)(=O)=O)C=C1)CCC1=CC=C(NS(C)(=O)=O)C=C1
DB00206,[H][C@]12C[C@@H](OC(=O)C3=CC(OC)=C(OC)C(OC)=C3)[C@H](OC)[C@@H](C(=O)OC)[C@@]1([H])C[C@@]1([H])N(CCC3=C1NC1=C3C=CC(OC)=C1)C2
DB00208,ClC1=CC=CC=C1CN1CCC2=C(C1)C=CS2
DB00210,COC1=C(C=C(C=C1)C1=CC2=C(C=C1)C=C(C=C2)C(O)=O)C12CC3CC(CC(C3)C1)C2
DB00211,COC1=CC(C(O)CNC(=O)CN)=C(OC)C=C1
DB00213,COC1=C(OC)C(CS(=O)C2=NC3=C(N2)C=C(OC(F)F)C=C3)=NC=C1
DB00214,CC(C)NC(=O)NS(=O)(=O)C1=C(NC2=CC=CC(C)=C2)C=CN=C1
DB00215,CN(C)CCCC1(OCC2=C1C=CC(=C2)C#N)C1=CC=C(F)C=C1
DB00216,CN1CCC[C@@H]1CC1=CNC2=C1C=C(CCS(=O)(=O)C1=CC=CC=C1)C=C2
DB00218,[H][C@]12CN(C[C@@]1([H])NCCC2)C1=C(F)C=C2C(=O)C(=CN(C3CC3)C2=C1OC)C(O)=O
DB00221,CCC(NC(C)C)C(O)C1=CC(O)=C(O)C=C1
DB00222,CCC1=C(C)CN(C(=O)NCCC2=CC=C(C=C2)S(=O)(=O)NC(=O)NC2CCC(C)CC2)C1=O
DB00226,NC(N)=NCC1COC2(CCCCC2)O1
DB00227,[H][C@]12[C@H](C[C@@H](C)C=C1C=C[C@H](C)[C@@H]2CC[C@@H]1C[C@@H](O)CC(=O)O1)OC(=O)[C@@H](C)CC
DB00230,CC(C)C[C@H](CN)CC(O)=O
DB00232,CN1C(CCl)NC2=CC(Cl)=C(C=C2S1(=O)=O)S(N)(=O)=O
DB00240,[H][C@@]12C[C@@H](C)[C@](O)(C(=O)CO)[C@@]1(C)C[C@H](O)[C@@]1([H])[C@@]2([H])[C@H](Cl)CC2=CC(=O)C=C[C@]12C
DB00241,CC(C)CC1(CC=C)C(=O)NC(=O)NC1=O
DB00242,NC1=C2N=CN([C@H]3C[C@H](O)[C@@H](CO)O3)C2=NC(Cl)=N1
DB00244,NC1=CC(C(O)=O)=C(O)C=C1
DB00245,[H][C@]12CC[C@]([H])(C[C@@]([H])(C1)OC(C1=CC=CC=C1)C1=CC=CC=C1)N2C
DB00246,ClC1=C(CCN2CCN(CC2)C2=NSC3=CC=CC=C23)C=C2CC(=O)NC2=C1
DB00248,[H][C@@]12CC3=CNC4=CC=CC(=C34)[C@@]1([H])C[C@H](CN2CC=C)C(=O)N(CCCN(C)C)C(=O)NCC
DB00252,O=C1NC(=O)C(N1)(C1=CC=CC=C1)C1=CC=CC=C1
DB00255,CCC(=C(CC)C1=CC=C(O)C=C1)C1=CC=C(O)C=C1
DB00257,ClC1=CC=CC=C1C(N1C=CN=C1)(C1=CC=CC=C1)C1=CC=CC=C1
DB00262,ClCCNC(=O)N(CCCl)N=O
DB00264,COCCC1=CC=C(OCC(O)CNC(C)C)C=C1
DB00268,CCCN(CCC)CCC1=C2CC(=O)NC2=CC=C1
DB00270,COC(=O)C1=C(C)NC(C)=C(C1C1=CC=CC2=NON=C12)C(=O)OC(C)C
DB00273,[H][C@@]12CO[C@@]3(COS(N)(=O)=O)OC(C)(C)O[C@@]3([H])[C@]1([H])OC(C)(C)O2
DB00275,CCCC1=NC(=C(N1CC1=CC=C(C=C1)C1=C(C=CC=C1)C1=NN=NN1)C(O)=O)C(C)(C)O
DB00277,CN1C2=C(NC=N2)C(=O)N(C)C1=O
DB00278,C[C@@H]1CCN([C@H](C1)C(O)=O)C(=O)[C@H](CCCN=C(N)N)NS(=O)(=O)C1=CC=CC2=C1NC[C@H](C)C2
DB00279,N[C@@H](CC1=CC(I)=C(OC2=CC(I)=C(O)C=C2)C(I)=C1)C(O)=O
DB00280,CC(C)N(CCC(C(N)=O)(C1=CC=CC=C1)C1=NC=CC=C1)C(C)C
DB00281,CCN(CC)CC(=O)NC1=C(C)C=CC=C1C
DB00282,NCCC(O)(P(O)(O)=O)P(O)(O)=O
DB00284,C[C@H]1O[C@H](O[C@@H]2[C@@H](CO)O[C@H](O[C@@H]3[C@@H](CO)O[C@@H](O)[C@H](O)[C@H]3O)[C@H](O)[C@H]2O)[C@H](O)[C@@H](O)[C@@H]1N[C@H]1C=C(CO)[C@H](O)[C@H](O)[C@H]1O
DB00285,COC1=CC=C(C=C1)C(CN(C)C)C1(O)CCCCC1
DB00286,[Na+].[H][C@@]12CCC(=O)[C@@]1(C)CC[C@]1([H])C3=CC=C(OS([O-])(=O)=O)C=C3CC[C@@]21[H]
DB00287,CC(C)OC(=O)CCCC=C/C[C@H]1[C@@H](O)C[C@@H](O)[C@@H]1C=C[C@@H](O)COC1=CC=CC(=C1)C(F)(F)F
DB00289,CNCC[C@@H](OC1=CC=CC=C1C)C1=CC=CC=C1
DB00290,C[C@@H](O)[C@H](NC(=O)[C@@H](C)[C@H](O)[C@@H](C)NC(=O)[C@@H](NC(=O)C1=C(C)C(N)=NC(=N1)[C@H](CC(N)=O)NC[C@H](N)C(N)=O)[C@@H](OC1OC(CO)C(O)C(O)C1OC1OC(CO)C(O)C(OC(N)=O)C1O)C1=CN=CN1)C(=O)NCCC1=NC(=CS1)C1=NC(=CS1)C(=O)NCCC[S+](C)C
DB00295,[H][C@@]12OC3=C(O)C=CC4=C3[C@@]11CCN(C)[C@]([H])(C4)[C@]1([H])C=C[C@@H]2O
DB00297,CCCCN1CCCCC1C(=O)NC1=C(C)C=CC=C1C
DB00302,NC[C@H]1CC[C@@H](CC1)C(O)=O
DB00304,[H][C@@]12CC[C@@](O)(C#C)[C@@]1(CC)CC(=C)[C@]1([H])[C@@]3([H])CCCC=C3CC[C@@]21[H]
DB00305,CO[C@]12[C@H]3N[C@H]3CN1C1=C([C@H]2COC(N)=O)C(=O)C(N)=C(C)C1=O
DB00307,CC1=CC2=C(C=C1C(=C)C1=CC=C(C=C1)C(O)=O)C(C)(C)CCC2(C)C
DB00308,CCCCCCCN(CC)CCCC(O)C1=CC=C(NS(C)(=O)=O)C=C1
DB00310,NS(=O)(=O)C1=C(Cl)C=CC(=C1)C1(O)NC(=O)C2=CC=CC=C12
DB00313,CCCC(CCC)C(O)=O
DB00315,CN(C)CCC1=CNC2=CC=C(C[C@H]3COC(=O)N3)C=C12
DB00316,CC(=O)NC1=CC=C(O)C=C1
DB00318,[H][C@@]12OC3=C(OC)C=CC4=C3[C@@]11CCN(C)[C@]([H])(C4)[C@]1([H])C=C[C@@H]2O
DB00320,[H][C@@]12CCCN1C(=O)[C@H](CC1=CC=CC=C1)N1C(=O)[C@](C)(NC(=O)[C@H]3CN(C)[C@]4([H])CC5=CNC6=CC=CC(=C56)[C@@]4([H])C3)O[C@@]21O
DB00321,CN(C)CCC=C1C2=CC=CC=C2CCC2=CC=CC=C12
DB00323,CC1=CC=C(C=C1)C(=O)C1=CC(=C(O)C(O)=C1)[N+]([O-])=O
DB00324,[H][C@@]12CC[C@](O)(C(C)=O)[C@@]1(C)C[C@H](O)[C@@]1(F)[C@@]2([H])C[C@H](C)C2=CC(=O)C=C[C@]12C
DB00325,O=N[Fe--](C#N)(C#N)(C#N)(C#N)C#N
DB00327,[H][C@@]12OC3=C(O)C=CC4=C3[C@@]11CCN(C)[C@]([H])(C4)[C@]1([H])CCC2=O
DB00328,COC1=CC2=C(C=C1)N(C(=O)C1=CC=C(Cl)C=C1)C(C)=C2CC(O)=O
DB00331,CN(C)C(=N)NC(N)=N
DB00332,[Br-].[H][C@]12CC[C@]([H])(C[C@@H](C1)OC(=O)C(CO)C1=CC=CC=C1)[N@+]2(C)C(C)C
DB00333,CCC(=O)C(CC(C)N(C)C)(C1=CC=CC=C1)C1=CC=CC=C1
DB00334,CN1CCN(CC1)C1=NC2=CC=CC=C2NC2=C1C=C(C)S2
DB00335,CC(C)NCC(O)COC1=CC=C(CC(N)=O)C=C1
DB00337,[H][C@]12O[C@](O)([C@H](C)C[C@@H]1OC)C(=O)C(=O)N1CCCC[C@@]1([H])C(=O)O[C@@H]([C@@H](C)[C@@H](O)CC(=O)[C@H](CC)C=C(C)/C[C@H](C)C[C@@H]2OC)C(C)=C[C@@H]1CC[C@H](Cl)[C@@H](C1)OC
DB00338,COC1=CC2=C(C=C1)N=C(N2)S(=O)CC1=NC=C(C)C(OC)=C1C
DB00342,CC(C)(C)C1=CC=C(C=C1)C(O)CCCN1CCC(CC1)C(O)(C1=CC=CC=C1)C1=CC=CC=C1
DB00343,COC1=CC=C(C=C1)[C@@H]1SC2=CC=CC=C2N(CCN(C)C)C(=O)[C@@H]1OC(C)=O
DB00346,COC1=C(OC)C=C2C(N)=NC(=NC2=C1)N(C)CCCNC(=O)C1CCCO1
DB00350,NC1=CC(=NC(N)=[N+]1[O-])N1CCCCC1
DB00351,[H][C@@]12CC[C@](OC(C)=O)(C(C)=O)[C@@]1(C)CC[C@@]1([H])[C@@]2([H])C=CC2=CC(=O)CC[C@]12C
DB00352,NC1=NC(=S)C2=C(N1)N=CN2
DB00353,[H][C@@]12CC3=CNC4=CC=CC(=C34)C1=C[C@H](CN2C)C(=O)N[C@@H](CC)CO
DB00354,CC(C)(C)C1=CC=C(CN2CCN(CC2)C(C2=CC=CC=C2)C2=CC=C(Cl)C=C2)C=C1
DB00356,ClC1=CC2=C(OC(=O)N2)C=C1
DB00357,CCC1(CCC(=O)NC1=O)C1=CC=C(N)C=C1
DB00361,[H][C@@]12N(C)C3=CC(OC)=C(C=C3[C@@]11CCN3CC=C[C@@](CC)([C@@H](OC(C)=O)[C@@]2(O)C(=O)OC)[C@@]13[H])[C@]1(C[C@@]2([H])CN(CC(CC)=C2)CC2=C1NC1=CC=CC=C21)C(=O)OC
DB00363,CN1CCN(CC1)C1=NC2=CC(Cl)=CC=C2NC2=CC=CC=C12
DB00364,O[Al](O)OS(=O)(=O)OC[C@H]1O[C@@H](O[C@]2(COS(=O)(=O)O[Al](O)O)O[C@H](OS(=O)(=O)O[Al](O)O)[C@@H](OS(=O)(=O)O[Al](O)O)[C@@H]2OS(=O)(=O)O[Al](O)O)[C@H](OS(=O)(=O)O[Al](O)O)[C@@H](OS(=O)(=O)O[Al](O)O)[C@@H]1OS(=O)(=O)O[Al](O)O
DB00366,CN(C)CCOC(C)(C1=CC=CC=C1)C1=CC=CC=N1
DB00367,[H][C@@]12CC[C@@](O)(C#C)[C@@]1(CC)CC[C@]1([H])[C@@]3([H])CCC(=O)C=C3CC[C@@]21[H]
DB00368,NC[C@H](O)C1=CC(O)=C(O)C=C1
DB00371,CCCC(C)(COC(N)=O)COC(N)=O
DB00373,CC(C)(C)NCC(O)COC1=NSN=C1N1CCOCC1
DB00374,[H][C@]12C[C@@H](O)[C@H](CC[C@@H](O)CCCCC)[C@@]1([H])CC1=C(C2)C(OCC(O)=O)=CC=C1
DB00376,OC(CCN1CCCCC1)(C1CCCCC1)C1=CC=CC=C1
DB00379,CC(N)COC1=C(C)C=CC=C1C
DB00380,C[C@@H](CN1CC(=O)NC(=O)C1)N1CC(=O)NC(=O)C1
DB00381,CCOC(=O)C1=C(COCCN)NC(C)=C(C1C1=CC=CC=C1Cl)C(=O)OC
DB00382,NC1=C2CCCCC2=NC2=CC=CC=C12
DB00384,NC1=NC(N)=C2N=C(C(N)=NC2=N1)C1=CC=CC=C1
DB00385,CCCCC(=O)OCC(=O)[C@@]1(O)C[C@H](OC2CC(NC(=O)C(F)(F)F)C(O)C(C)O2)C2=C(C1)C(O)=C1C(=O)C3=C(C(=O)C1=C2O)C(OC)=CC=C3
DB00387,OC(CCN1CCCC1)(C1CCCCC1)C1=CC=CC=C1
DB00388,CNC[C@H](O)C1=CC(O)=CC=C1
DB00390,[H][C@]12CC[C@]3([H])[C@]([H])(C[C@@H](O)[C@]4(C)[C@H](CC[C@]34O)C3=CC(=O)OC3)[C@@]1(C)CC[C@@H](C2)O[C@H]1C[C@H](O)[C@H](O[C@H]2C[C@H](O)[C@H](O[C@H]3C[C@H](O)[C@H](O)[C@@H](C)O3)[C@@H](C)O2)[C@@H](C)O1
DB00393,COCCOC(=O)C1=C(C)NC(C)=C(C1C1=CC(=CC=C1)[N+]([O-])=O)C(=O)OC(C)C
DB00394,[H][C@@]12C[C@H](C)[C@](OC(=O)CC)(C(=O)COC(=O)CC)[C@@]1(C)C[C@H](O)[C@@]1(Cl)[C@@]2([H])CCC2=CC(=O)C=C[C@]12C
DB00396,[H][C@@]12CC[C@H](C(C)=O)[C@@]1(C)CC[C@@]1([H])[C@@]2([H])CCC2=CC(=O)CC[C@]12C
DB00397,C[C@@H](N)[C@@H](O)C1=CC=CC=C1
DB00398,CNC(=O)C1=NC=CC(OC2=CC=C(NC(=O)NC3=CC(=C(Cl)C=C3)C(F)(F)F)C=C2)=C1
DB00399,OC(CN1C=CN=C1)(P(O)(O)=O)P(O)(O)=O
DB00401,COC(=O)C1=C(C)NC(C)=C(C1C1=CC=CC=C1[N+]([O-])=O)C(=O)OCC(C)C
DB00404,CC1=NN=C2CN=C(C3=CC=CC=C3)C3=C(C=CC(Cl)=C3)N12
DB00408,CN1CCN(CC1)C1=NC2=CC=CC=C2OC2=C1C=C(Cl)C=C2
DB00412,CN(CCOC1=CC=C(CC2SC(=O)NC2=O)C=C1)C1=CC=CC=N1
DB00413,CCCN[C@H]1CCC2=C(C1)SC(N)=N2
DB00414,CC(=O)C1=CC=C(C=C1)S(=O)(=O)NC(=O)NC1CCCCC1
DB00419,CCCCN1C[C@H](O)[C@@H](O)[C@H](O)[C@H]1CO
DB00421,[H][C@@]12CC[C@@]3(CCC(=O)O3)[C@@]1(C)CC[C@@]1([H])[C@@]2([H])[C@@]([H])(CC2=CC(=O)CC[C@]12C)SC(C)=O
DB00422,COC(=O)C(C1CCCCN1)C1=CC=CC=C1
DB00424,CN1[C@H]2CC[C@@H]1C[C@@H](C2)OC(=O)[C@H](CO)C1=CC=CC=C1
DB00428,CN(N=O)C(=O)N[C@H]1[C@@H](O)O[C@H](CO)[C@@H](O)[C@@H]1O
DB00433,CN1CCN(CCCN2C3=CC=CC=C3SC3=C2C=C(Cl)C=C3)CC1
DB00434,CN1CCC(CC1)=C1C2=CC=CC=C2C=CC2=CC=CC=C12
DB00436,NS(=O)(=O)C1=CC2=C(NC(CC3=CC=CC=C3)NS2(=O)=O)C=C1C(F)(F)F
DB00437,O=C1N=CN=C2NNC=C12
DB00440,COC1=CC(CC2=CN=C(N)N=C2N)=CC(OC)=C1OC
DB00441,NC1=NC(=O)N(C=C1)[C@@H]1O[C@H](CO)[C@@H](O)C1(F)F
DB00443,[H][C@@]12C[C@H](C)[C@](O)(C(=O)CO)[C@@]1(C)C[C@H](O)[C@@]1(F)[C@@]2([H])CCC2=CC(=O)C=C[C@]12C
DB00444,[H][C@]12COC(=O)[C@]1([H])[C@H](C1=CC(OC)=C(O)C(OC)=C1)C1=CC3=C(OCO3)C=C1[C@H]2O[C@@H]1O[C@]2([H])COC(O[C@@]2([H])[C@H](O)[C@H]1O)C1=CC=CS1
DB00445,COC1=CC=CC2=C1C(=O)C1=C(O)C3=C(C[C@](O)(C[C@@H]3O[C@H]3C[C@H](N)[C@@H](O)[C@H](C)O3)C(=O)CO)C(O)=C1C2=O
DB00448,CC1=C(OCC(F)(F)F)C=CN=C1CS(=O)C1=NC2=CC=CC=C2N1
DB00449,CNCC(O)C1=CC(OC(=O)C(C)(C)C)=C(OC(=O)C(C)(C)C)C=C1
DB00451,N[C@@H](CC1=CC(I)=C(OC2=CC(I)=C(O)C(I)=C2)C(I)=C1)C(O)=O
DB00454,CCOC(=O)C1(CCN(C)CC1)C1=CC=CC=C1
DB00457,COC1=C(OC)C=C2C(N)=NC(=NC2=C1)N1CCN(CC1)C(=O)C1=CC=CO1
DB00458,CN(C)CCCN1C2=CC=CC=C2CCC2=CC=CC=C12
DB00461,COC1=CC2=C(C=C1)C=C(CCC(C)=O)C=C2
DB00464,CCCCCCCCCCCCCCOS(O)(=O)=O
DB00465,OC(=O)C1CCN2C1=CC=C2C(=O)C1=CC=CC=C1
DB00468,[H][C@]1(C[C@@H]2CC[N@]1C[C@@H]2C=C)[C@H](O)C1=CC=NC2=CC=C(OC)C=C12
DB00470,[H][C@@]12C=C(C)CC[C@@]1([H])C(C)(C)OC1=C2C(O)=CC(CCCCC)=C1
DB00471,OC(=O)CC1(CC1)CS[C@H](CCC1=CC=CC=C1C(O)(C)C)C1=CC=CC(C=CC2=NC3=C(C=CC(Cl)=C3)C=C2)=C1
DB00472,CNCCC(OC1=CC=C(C=C1)C(F)(F)F)C1=CC=CC=C1
DB00475,CNC1=NC2=C(C=C(Cl)C=C2)C(C2=CC=CC=C2)=N(=O)C1
DB00476,CNCC[C@H](OC1=CC=CC2=CC=CC=C12)C1=CC=CS1
DB00477,CN(C)CCCN1C2=CC=CC=C2SC2=C1C=C(Cl)C=C2
DB00480,NC1=CC=CC2=C1CN(C1CCC(=O)NC1=O)C2=O
DB00481,OC1=CC=C(C=C1)C1=C(C(=O)C2=CC=C(OCCN3CCCCC3)C=C2)C2=C(S1)C=C(O)C=C2
DB00482,CC1=CC=C(C=C1)C1=CC(=NN1C1=CC=C(C=C1)S(N)(=O)=O)C(F)(F)F
DB00484,BrC1=C(NC2=NCCN2)C=CC2=NC=CN=C12
DB00489,CC(C)NCC(O)C1=CC=C(NS(C)(=O)=O)C=C1
DB00490,O=C1CC2(CCCC2)CC(=O)N1CCCCN1CCN(CC1)C1=NC=CC=N1
DB00491,OCCN1C[C@H](O)[C@@H](O)[C@H](O)[C@H]1CO
DB00492,CCC(=O)OC(OP(=O)(CCCCC1=CC=CC=C1)CC(=O)N1C[C@@H](C[C@H]1C(O)=O)C1CCCCC1)C(C)C
DB00494,CCN(CC)C(=O)C(=CC1=CC(=C(O)C(O)=C1)[N+]([O-])=O)C#N
DB00497,[H][C@@]12OC3=C(OC)C=CC4=C3[C@@]11CCN(C)[C@]([H])(C4)[C@]1(O)CCC2=O
DB00499,CC(C)C(=O)NC1=CC(=C(C=C1)[N+]([O-])=O)C(F)(F)F
DB00500,CN1C(CC(O)=O)=CC=C1C(=O)C1=CC=C(C)C=C1
DB00501,CN=C(NCCSCC1=C(C)NC=N1)NC#N
DB00502,OC1(CCN(CCCC(=O)C2=CC=C(F)C=C2)CC1)C1=CC=C(Cl)C=C1
DB00508,CN(C)CCCN1C2=CC=CC=C2SC2=C1C=C(C=C2)C(F)(F)F
DB00514,[H][C@]12CC3=C(C=C(OC)C=C3)[C@@]3(CCCC[C@]13[H])CCN2C
DB00515,N[Pt](N)(Cl)Cl
DB00519,[H][C@@]12C[C@H](N(C(=O)[C@H](C)N[C@@H](CCC3=CC=CC=C3)C(=O)OCC)[C@@]1([H])CCCC2)C(O)=O
DB00521,CC(C)(C)NCC(O)COC1=CC=CC2=C1CCC(=O)N2
DB00523,CC(C=CC1=C(C)CCCC1(C)C)=CC=CC(C)=CC(O)=O
DB00524,CC1NC2=CC(Cl)=C(C=C2C(=O)N1C1=CC=CC=C1C)S(N)(=O)=O
DB00527,CCCCOC1=NC2=CC=CC=C2C(=C1)C(=O)NCCN(CC)CC
DB00530,COCCOC1=C(OCCOC)C=C2C(NC3=CC=CC(=C3)C#C)=NC=NC2=C1
DB00532,CCC1(NC(=O)N(C)C1=O)C1=CC=CC=C1
DB00533,CS(=O)(=O)C1=CC=C(C=C1)C1=C(C(=O)OC1)C1=CC=CC=C1
DB00535,[H][C@]12SCC(C=C)=C(N1C(=O)[C@H]2NC(=O)C(=N/O)C1=CSC(N)=N1)C(O)=O
DB00536,NC(N)=N
DB00537,OC(=O)C1=CN(C2CC2)C2=CC(N3CCNCC3)=C(F)C=C2C1=O
DB00540,CNCCC=C1C2=CC=CC=C2CCC2=CC=CC=C12
DB00541,[H][C@@]12N3CC[C@@]11C4=CC(=C(OC)C=C4N(C=O)[C@@]1([H])[C@](O)([C@H](OC(C)=O)[C@]2(CC)C=CC3)C(=O)OC)[C@]1(C[C@]2([H])CN(C[C@](O)(CC)C2)CCC2=C1NC1=CC=CC=C21)C(=O)OC
DB00542,CCOC(=O)[C@H](CCC1=CC=CC=C1)N[C@H]1CCC2=CC=CC=C2N(CC(O)=O)C1=O
DB00544,FC1=CNC(=O)NC1=O
DB00545,CN(C)C(=O)OC1=C[N+](C)=CC=C1
DB00547,[H][C@@]12C[C@@H](C)[C@H](C(=O)CO)[C@@]1(C)C[C@H](O)[C@@]1(F)[C@@]2([H])CCC2=CC(=O)C=C[C@]12C
DB00548,OC(=O)CCCCCCCC(O)=O
DB00549,COC1=C(CC2=CN(C)C3=C2C=C(NC(=O)OC2CCCC2)C=C3)C=CC(=C1)C(=O)NS(=O)(=O)C1=CC=CC=C1C
DB00550,CCCC1=CC(=O)NC(=S)N1
DB00552,OC[C@H]1O[C@H](C[C@@H]1O)N1C=NC2=C1N=CNC[C@H]2O
DB00554,CN1C(C(=O)NC2=NC=CC=C2)=C(O)C2=C(C=CC=C2)S1(=O)=O
DB00555,NC1=NC(N)=C(N=N1)C1=C(Cl)C(Cl)=CC=C1
DB00557,OCCOCCN1CCN(CC1)C(C1=CC=CC=C1)C1=CC=C(Cl)C=C1
DB00559,COC1=CC=CC=C1OC1=C(NS(=O)(=O)C2=CC=C(C=C2)C(C)(C)C)N=C(N=C1OCCO)C1=NC=CC=N1
DB00563,CN(CC1=CN=C2N=C(N)N=C(N)C2=N1)C1=CC=C(C=C1)C(=O)N[C@@H](CCC(O)=O)C(O)=O
DB00564,NC(=O)N1C2=CC=CC=C2C=CC2=CC=CC=C12
DB00569,[Na+].[Na+].[Na+].[Na+].[Na+].[Na+].[Na+].[Na+].[Na+].[Na+].CO[C@H]1O[C@H](COS([O-])(=O)=O)[C@@H](O[C@@H]2O[C@H]([C@@H](O[C@H]3O[C@H](COS([O-])(=O)=O)[C@@H](O[C@@H]4O[C@@H]([C@@H](O[C@H]5O[C@H](COS([O-])(=O)=O)[C@@H](O)[C@H](O)[C@H]5NS([O-])(=O)=O)[C@H](O)[C@H]4O)C(O)=O)[C@H](OS([O-])(=O)=O)[C@H]3NS([O-])(=O)=O)[C@H](O)[C@H]2OS([O-])(=O)=O)C(O)=O)[C@H](O)[C@H]1NS([O-])(=O)=O
DB00570,[H][C@@]12N(C)C3=C(C=C(C(OC)=C3)[C@]3(C[C@@H]4CN(C[C@](O)(CC)C4)CCC4=C3NC3=CC=CC=C43)C(=O)OC)[C@@]11CCN3CC=C[C@@](CC)([C@@H](OC(C)=O)[C@]2(O)C(=O)OC)[C@@]13[H]
DB00571,CC(C)NCC(O)COC1=CC=CC2=CC=CC=C12
DB00572,CN1[C@H]2CC[C@@H]1C[C@@H](C2)OC(=O)C(CO)C1=CC=CC=C1
DB00573,CC(C(O)=O)C1=CC(OC2=CC=CC=C2)=CC=C1
DB00575,ClC1=CC=CC(Cl)=C1NC1=NCCN1
DB00580,CC1=C(C(=NO1)C1=CC=CC=C1)C1=CC=C(C=C1)S(N)(=O)=O
DB00583,C[N+](C)(C)C[C@H](O)CC([O-])=O
DB00584,CCOC(=O)[C@H](CCC1=CC=CC=C1)N[C@@H](C)C(=O)N1CCC[C@H]1C(O)=O
DB00585,CNC(NCCSCC1=CSC(CN(C)C)=N1)=C/[N+]([O-])=O
DB00586,OC(=O)CC1=CC=CC=C1NC1=C(Cl)C=CC=C1Cl
DB00588,[H][C@@]12C[C@@H](C)[C@](OC(=O)CC)(C(=O)SCF)[C@@]1(C)C[C@H](O)[C@@]1(F)[C@@]2([H])C[C@H](F)C2=CC(=O)C=C[C@]12C
DB00590,COC1=C(OC)C=C2C(N)=NC(=NC2=C1)N1CCN(CC1)C(=O)C1COC2=CC=CC=C2O1
DB00591,[H][C@@]12C[C@@]3([H])[C@]4([H])C[C@]([H])(F)C5=CC(=O)C=C[C@]5(C)[C@@]4(F)[C@@H](O)C[C@]3(C)[C@@]1(OC(C)(C)O2)C(=O)CO
DB00593,CCC1(C)CC(=O)NC1=O
DB00594,NC(N)=NC(=O)C1=C(N)N=C(N)C(Cl)=N1
DB00596,[H][C@]1(F)CC2C3C[C@H](C)[C@](OC(=O)CC)(C(=O)CCl)C3(C)CC(O)[C@]2(F)C2(C)C=CC(=O)C=C12
DB00598,CC(CCC1=CC=CC=C1)NCC(O)C1=CC(C(N)=O)=C(O)C=C1
DB00603,[H][C@@]12CC[C@](OC(C)=O)(C(C)=O)[C@@]1(C)CC[C@@]1([H])[C@@]2([H])C[C@H](C)C2=CC(=O)CC[C@]12C
DB00604,CO[C@H]1CN(CCCOC2=CC=C(F)C=C2)CC[C@H]1NC(=O)C1=CC(Cl)=C(N)C=C1OC
DB00605,CC1=C(CC(O)=O)C2=CC(F)=CC=C2C1=C/C1=CC=C(C=C1)S(C)=O
DB00608,CCN(CC)CCCC(C)NC1=C2C=CC(Cl)=CC2=NC=C1
DB00611,[H][C@@]12CC3=C(C=C(O)C=C3)[C@]3(CCCC[C@@]13O)CCN2CC1CCC1
DB00612,CC(C)NCC(O)COC1=CC=C(COCCOC(C)C)C=C1
DB00619,CN1CCN(CC2=CC=C(C=C2)C(=O)NC2=CC(NC3=NC=CC(=N3)C3=CN=CC=C3)=C(C)C=C2)CC1
DB00620,[H][C@@]12C[C@@H](O)[C@](O)(C(=O)CO)[C@@]1(C)C[C@H](O)[C@@]1(F)[C@@]2([H])CCC2=CC(=O)C=C[C@]12C
DB00622,COC(=O)C1=C(C)NC(C)=C(C1C1=CC(=CC=C1)[N+]([O-])=O)C(=O)OCCN(C)CC1=CC=CC=C1
DB00623,OCCN1CCN(CCCN2C3=CC=CC=C3SC3=C2C=C(C=C3)C(F)(F)F)CC1
DB00624,[H][C@@]12CC[C@H](O)[C@@]1(C)CC[C@@]1([H])[C@@]2([H])CCC2=CC(=O)CC[C@]12C
DB00627,OC(=O)C1=CN=CC=C1
DB00630,NCCCC(O)(P(O)(O)=O)P(O)(O)=O
DB00631,[H][C@]1(F)[C@H](O)[C@@H](CO)O[C@H]1N1C=NC2=C(N)N=C(Cl)N=C12
DB00635,[H][C@@]12CC[C@](O)(C(=O)CO)[C@@]1(C)CC(=O)[C@@]1([H])[C@@]2([H])CCC2=CC(=O)C=C[C@]12C
DB00636,CCOC(=O)C(C)(C)OC1=CC=C(Cl)C=C1
DB00637,COC1=CC=C(CCN2CCC(CC2)NC2=NC3=CC=CC=C3N2CC2=CC=C(F)C=C2)C=C1
DB00640,NC1=C2N=CN([C@@H]3O[C@H](CO)[C@@H](O)[C@H]3O)C2=NC=N1
DB00641,[H][C@]12[C@H](C[C@@H](C)C=C1C=C[C@H](C)[C@@H]2CC[C@@H]1C[C@@H](O)CC(=O)O1)OC(=O)C(C)(C)CC
DB00642,NC1=NC(=O)C2=C(NC=C2CCC2=CC=C(C=C2)C(=O)N[C@H](CCC(O)=O)C(O)=O)N1
DB00644,CC(C)CC(NC(=O)CNC(=O)C(CC1=CC=C(O)C=C1)NC(=O)C(CO)NC(=O)C(CC1=CNC2=CC=CC=C12)NC(=O)C(CC1=CN=CN1)NC(=O)C1CCC(=O)N1)C(=O)NC(CCCN=C(N)N)C(=O)N1CCCC1C(=O)NCC(N)=O
DB00647,CCC(=O)O[C@@](CC1=CC=CC=C1)([C@H](C)CN(C)C)C1=CC=CC=C1
DB00650,NC1=NC(=O)C2=C(NC[C@H](CNC3=CC=C(C=C3)C(=O)N[C@@H](CCC(O)=O)C(O)=O)N2C=O)N1
DB00651,CN1C2=C(N(CC(O)CO)C=N2)C(=O)N(C)C1=O
DB00652,C[C@H]1[C@H]2CC3=CC=C(O)C=C3[C@]1(C)CCN2CC=C(C)C
DB00653,[Mg++].[O-]S([O-])(=O)=O
DB00654,CC(C)OC(=O)CCCC=C/C[C@H]1[C@@H](O)C[C@@H](O)[C@@H]1CC[C@@H](O)CCC1=CC=CC=C1
DB00655,[H][C@@]12CCC(=O)[C@@]1(C)CC[C@]1([H])C3=C(CC[C@@]21[H])C=C(O)C=C3
DB00657,CNC1(C)C2CCC(C2)C1(C)C
DB00659,CC(=O)NCCCS(O)(=O)=O
DB00661,COC1=C(OC)C=C(CCN(C)CCCC(C#N)(C(C)C)C2=CC(OC)=C(OC)C=C2)C=C1
DB00668,CNC[C@H](O)C1=CC(O)=C(O)C=C1
DB00669,CNS(=O)(=O)CC1=CC2=C(NC=C2CCN(C)C)C=C1
DB00672,CCCNC(=O)NS(=O)(=O)C1=CC=C(Cl)C=C1
DB00674,[H][C@]12C[C@@H](O)C=C[C@]11CCN(C)CC3=C1C(O2)=C(OC)C=C3
DB00675,CCC(=C(/C1=CC=CC=C1)C1=CC=C(OCCN(C)C)C=C1)C1=CC=CC=C1
DB00678,CCCCC1=NC(Cl)=C(CO)N1CC1=CC=C(C=C1)C1=CC=CC=C1C1=NNN=N1
DB00679,CSC1=CC2=C(SC3=CC=CC=C3N2CCC2CCCCN2C)C=C1
DB00682,CC(=O)CC(C1=CC=CC=C1)C1=C(O)C2=C(OC1=O)C=CC=C2
DB00686,O[C@@H]1CO[C@@H](O[C@@H]2CO[C@@H](O)[C@H](OS(O)(=O)=O)[C@H]2OS(O)(=O)=O)[C@H](OS(O)(=O)=O)[C@H]1OS(O)(=O)=O
DB00687,[H][C@@]12CC[C@](O)(C(=O)CO)[C@@]1(C)C[C@H](O)[C@@]1(F)[C@@]2([H])CCC2=CC(=O)CC[C@]12C
DB00691,CCOC(=O)[C@H](CCC1=CC=CC=C1)N[C@@H](C)C(=O)N1CC2=CC(OC)=C(OC)C=C2C[C@H]1C(O)=O
DB00692,CC1=CC=C(C=C1)N(CC1=NCCN1)C1=CC(O)=CC=C1
DB00694,COC1=CC=CC2=C1C(=O)C1=C(O)C3=C(C[C@](O)(C[C@@H]3O[C@H]3C[C@H](N)[C@H](O)[C@H](C)O3)C(C)=O)C(O)=C1C2=O
DB00695,NS(=O)(=O)C1=C(Cl)C=C(NCC2=CC=CO2)C(=C1)C(O)=O
DB00696,[H][C@@]12CCCN1C(=O)[C@H](CC1=CC=CC=C1)N1C(=O)[C@](C)(NC(=O)[C@H]3CN(C)[C@]4([H])CC5=CNC6=CC=CC(=C56)C4=C3)O[C@@]21O
DB00697,ClC1=C(NC2=NCCN2)C2=NSN=C2C=C1
DB00704,[H][C@@]12OC3=C(O)C=CC4=C3[C@@]11CCN(CC3CC3)[C@]([H])(C4)[C@]1(O)CCC2=O
DB00706,CCOC1=CC=CC=C1OCCN[C@H](C)CC1=CC(=C(OC)C=C1)S(N)(=O)=O
DB00710,CCCCCN(C)CCC(O)(P(O)(O)=O)P(O)(O)=O
DB00712,CC(C(O)=O)C1=CC(F)=C(C=C1)C1=CC=CC=C1
DB00714,[H][C@]12CC3=C(C(O)=C(O)C=C3)C3=CC=CC(CCN1C)=C23
DB00715,FC1=CC=C(C=C1)[C@@H]1CCNC[C@H]1COC1=CC2=C(OCO2)C=C1
DB00716,CCCC1=C2N(CC)C(=CC(=O)C2=CC2=C1OC(=CC2=O)C(O)=O)C(O)=O
DB00717,[H][C@@]12CC[C@@](O)(C#C)[C@@]1(C)CC[C@]1([H])[C@@]3([H])CCC(=O)C=C3CC[C@@]21[H]
DB00721,CCN(CC)CCOC(=O)C1=CC=C(N)C=C1
DB00722,NCCCC[C@H](N[C@@H](CCC1=CC=CC=C1)C(O)=O)C(=O)N1CCC[C@H]1C(O)=O
DB00724,CC(C)CN1C=NC2=C1C1=CC=CC=C1N=C2N
DB00727,[O-][N+](=O)OCC(CO[N+]([O-])=O)O[N+]([O-])=O
DB00731,CC(C)C1CC[C@@H](CC1)C(=O)N[C@H](CC1=CC=CC=C1)C(O)=O
DB00733,C[N+]1=C(C=NO)C=CC=C1
DB00734,CC1=C(CCN2CCC(CC2)C2=NOC3=C2C=CC(F)=C3)C(=O)N2CCCCC2=N1
DB00736,COC1=CC2=C(NC(=N2)[S@@](=O)CC2=NC=C(C)C(OC)=C2C)C=C1
DB00741,[H][C@@]12CC[C@](O)(C(=O)CO)[C@@]1(C)C[C@H](O)[C@@]1([H])[C@@]2([H])CCC2=CC(=O)CC[C@]12C
DB00744,CC(N(O)C(N)=O)C1=CC2=CC=CC=C2S1
DB00745,NC(=O)CS(=O)C(C1=CC=CC=C1)C1=CC=CC=C1
DB00747,CN1[C@H]2C[C@@H](C[C@@H]1[C@H]1O[C@@H]21)OC(=O)[C@H](CO)C1=CC=CC=C1
DB00749,CCC1=C2NC3=C(CCOC3(CC)CC(O)=O)C2=CC=C1
DB00750,CCCNC(C)C(=O)NC1=CC=CC=C1C
DB00754,CCN1C(=O)NC(C1=O)C1=CC=CC=C1
DB00755,CC(C=CC1=C(C)CCCC1(C)C)=CC=CC(C)=CC(O)=O
DB00757,[H][C@]12CC(CC3CC(C1)C(=O)CN23)OC(=O)C1=CNC2=CC=CC=C12
DB00758,[H][C@@](N1CCC2=C(C1)C=CS2)(C(=O)OC)C1=CC=CC=C1Cl
DB00759,[H][C@@]12C[C@@]3([H])C(=C(O)[C@]1(O)C(=O)C(C(N)=O)=C(O)[C@H]2N(C)C)C(=O)C1=C(O)C=CC=C1[C@@]3(C)O
DB00762,CCC1=C2CN3C(=CC4=C(COC(=O)[C@]4(O)CC)C3=O)C2=NC2=C1C=C(OC(=O)N1CCC(CC1)N1CCCCC1)C=C2
DB00763,CN1C=CNC1=S
DB00764,[H][C@@]12C[C@@H](C)[C@](O)(C(=O)CCl)[C@@]1(C)C[C@H](O)[C@@]1(Cl)[C@@]2([H])CCC2=CC(=O)C=C[C@]12C
DB00765,C[C@](N)(CC1=CC=C(O)C=C1)C(O)=O
DB00767,CCN(CC)C(=O)C1CN2CCC3=CC(OC)=C(OC)C=C3C2CC1OC(C)=O
DB00771,C[N@@+]12CC[C@@H](CC1)C(C2)OC(=O)C(O)(C1=CC=CC=C1)C1=CC=CC=C1
DB00773,[H][C@]12COC(=O)[C@]1([H])[C@H](C1=CC(OC)=C(O)C(OC)=C1)C1=CC3=C(OCO3)C=C1[C@H]2O[C@@H]1O[C@]2([H])CO[C@@H](C)O[C@@]2([H])[C@H](O)[C@H]1O
DB00775,CCCCS(=O)(=O)N[C@@H](CC1=CC=C(OCCCCC2CCNCC2)C=C1)C(O)=O
DB00776,NC(=O)N1C2=CC=CC=C2CC(=O)C2=CC=CC=C12
DB00783,[H][C@@]12CC[C@H](O)[C@@]1(C)CC[C@]1([H])C3=C(CC[C@@]21[H])C=C(O)C=C3
DB00787,NC1=NC(=O)C2=C(N1)N(COCCO)C=N2
DB00788,COC1=CC2=C(C=C1)C=C(C=C2)[C@H](C)C(O)=O
DB00790,[H][C@]12C[C@H](N(C(=O)[C@H](C)N[C@@H](CCC)C(=O)OCC)[C@@]1([H])CCCC2)C(O)=O
DB00794,CCC1(C(=O)NCNC1=O)C1=CC=CC=C1
DB00795,OC(=O)C1=CC(=CC=C1O)N=NC1=CC=C(C=C1)S(=O)(=O)NC1=NC=CC=C1
DB00796,CCOC1=NC2=CC=CC(C(O)=O)=C2N1CC1=CC=C(C=C1)C1=CC=CC=C1C1=NNN=N1
DB00800,OC1=CC=C(C=C1)C1CNCCC2=C(Cl)C(O)=C(O)C=C12
DB00804,CCN(CC)CCOC(=O)C1(CCCCC1)C1CCCCC1
DB00806,CN1C=NC2=C1C(=O)N(CCCCC(C)=O)C(=O)N2C
DB00808,CC1CC2=CC=CC=C2N1NC(=O)C1=CC(=C(Cl)C=C1)S(N)(=O)=O
DB00810,OC(CCN1CCCCC1)(C1CC2CC1C=C2)C1=CC=CC=C1
DB00813,CCC(=O)N(C1CCN(CCC2=CC=CC=C2)CC1)C1=CC=CC=C1
DB00814,CN1C(C(=O)NC2=NC=C(C)S2)=C(O)C2=C(C=CC=C2)S1(=O)=O
DB00816,CC(C)NCC(O)C1=CC(O)=CC(O)=C1
DB00819,CC(=O)NC1=NN=C(S1)S(N)(=O)=O
DB00820,[H][C@]12CC3=C(NC4=CC=CC=C34)[C@H](N1C(=O)CN(C)C2=O)C1=CC2=C(OCO2)C=C1
DB00822,CCN(CC)C(=S)SSC(=S)N(CC)CC
DB00829,CN1C2=C(C=C(Cl)C=C2)C(=NCC1=O)C1=CC=CC=C1
DB00831,CN1CCN(CCCN2C3=CC=CC=C3SC3=C2C=C(C=C3)C(F)(F)F)CC1
DB00839,CC1=CC=C(C=C1)S(=O)(=O)NC(=O)NN1CCCCCC1
DB00843,COC1=C(OC)C=C2C(=O)C(CC3CCN(CC4=CC=CC=C4)CC3)CC2=C1
DB00844,O[C@H]1CC[C@@]2(O)[C@H]3CC4=CC=C(O)C5=C4[C@@]2(CCN3CC2CCC2)[C@H]1O5
DB00846,[H][C@@]12C[C@@]3([H])[C@]4([H])C[C@]([H])(F)C5=CC(=O)CC[C@]5(C)[C@@]4([H])[C@@H](O)C[C@]3(C)[C@@]1(OC(C)(C)O2)C(=O)CO
DB00848,C1CN2C[C@@H](N=C2S1)C1=CC=CC=C1
DB00851,CN(C)N=NC1=C(N=CN1)C(N)=O
DB00852,CN[C@@H](C)[C@@H](O)C1=CC=CC=C1
DB00853,CN1N=NC2=C(N=CN2C1=O)C(N)=O
DB00860,[H][C@@]12CC[C@](O)(C(=O)CO)[C@@]1(C)C[C@H](O)[C@@]1([H])[C@@]2([H])CCC2=CC(=O)C=C[C@]12C
DB00861,OC(=O)C1=C(O)C=CC(=C1)C1=C(F)C=C(F)C=C1
DB00863,CNC(NCCSCC1=CC=C(CN(C)C)O1)=C/[N+]([O-])=O
DB00864,CO[C@@H]1C[C@@H](CC[C@H]1O)C=C(/C)[C@H]1OC(=O)[C@@H]2CCCCN2C(=O)C(=O)[C@]2(O)O[C@@H]([C@H](C[C@H]2C)OC)[C@H](C[C@@H](C)CC(C)=C[C@@H](CC=C)C(=O)C[C@H](O)[C@H]1C)OC
DB00865,C[C@@H](CC1=CC=CC=C1)N(C)CC1=CC=CC=C1
DB00868,CCCCNC1=CC=C(C=C1)C(=O)OCCOCCOCCOCCOCCOCCOCCOCCOCCOC
DB00869,CCN[C@H]1C[C@H](C)S(=O)(=O)C2=C1C=C(S2)S(N)(=O)=O
DB00871,CC(C)(C)NCC(O)C1=CC(O)=CC(O)=C1
DB00876,CCCCC1=NC=C(C=C(/CC2=CC=CS2)C(O)=O)N1CC1=CC=C(C=C1)C(O)=O
DB00880,NS(=O)(=O)C1=C(Cl)C=C2NC=NS(=O)(=O)C2=C1
DB00881,CCOC(=O)[C@H](CCC1=CC=CC=C1)N[C@@H](C)C(=O)N1CC2=CC=CC=C2C[C@H]1C(O)=O
DB00882,CCN(CC)CCOC1=CC=C(C=C1)C(=C(Cl)C1=CC=CC=C1)C1=CC=CC=C1
DB00883,[H][C@]12OC[C@H](O[N+]([O-])=O)[C@@]1([H])OC[C@H]2O[N+]([O-])=O
DB00884,OC(CC1=CN=CC=C1)(P(O)(O)=O)P(O)(O)=O
DB00887,CCCCNC1=C(OC2=CC=CC=C2)C(=CC(=C1)C(O)=O)S(N)(=O)=O
DB00889,CN1N=C(C(=O)NC2CC3CCCC(C2)N3C)C2=CC=CC=C12
DB00898,CCO
DB00899,CCC(=O)N(C1=CC=CC=C1)C1(CCN(CCC(=O)OC)CC1)C(=O)OC
DB00901,CC1=CC=C(C=C1)C(=O)OC1=C(OC(=O)C2=CC=C(C)C=C2)C=C(C=C1)C(O)CNC(C)(C)C
DB00903,CCC(=C)C(=O)C1=C(Cl)C(Cl)=C(OCC(O)=O)C=C1
DB00904,CN1C2=C(C3=CC=CC=C13)C(=O)C(CN1C=CN=C1C)CC2
DB00905,CCNC(=O)CCCC=C/C[C@H]1[C@@H](O)C[C@@H](O)[C@@H]1C=C[C@@H](O)CCC1=CC=CC=C1
DB00906,CC1=C(SC=C1)C(=CCCN1CCC[C@H](C1)C(O)=O)C1=C(C)C=CS1
DB00907,[H][C@]12CC[C@]([H])([C@H]([C@H](C1)OC(=O)C1=CC=CC=C1)C(=O)OC)N2C
DB00908,[H][C@@]12CCN(C[C@@H]1C=C)[C@]([H])(C2)[C@@H](O)C1=C2C=C(OC)C=CC2=NC=C1
DB00909,NS(=O)(=O)CC1=NOC2=CC=CC=C12
DB00912,CCOC1=C(C=CC(CC(=O)N[C@@H](CC(C)C)C2=CC=CC=C2N2CCCCC2)=C1)C(O)=O
DB00915,NC12CC3CC(CC(C3)C1)C2
DB00917,CCCCC[C@H](O)C=C[C@H]1[C@H](O)CC(=O)[C@@H]1CC=C/CCCC(O)=O
DB00918,CN(C)CCC1=CNC2=C1C=C(CS(=O)(=O)N1CCCC1)C=C2
DB00921,CO[C@]12CC[C@@]3(C[C@@H]1[C@](C)(O)C(C)(C)C)[C@H]1CC4=C5C(O[C@@H]2[C@@]35CCN1CC1CC1)=C(O)C=C4
DB00924,CN(C)CCC=C1C2=CC=CC=C2C=CC2=CC=CC=C12
DB00925,CC(COC1=CC=CC=C1)N(CCCl)CC1=CC=CC=C1
DB00927,NC(N)=NC1=NC(CSCCC(N)=NS(N)(=O)=O)=CS1
DB00928,NC1=NC(=O)N(C=N1)[C@@H]1O[C@H](CO)[C@@H](O)[C@H]1O
DB00929,CCCCC(C)(O)CC=C[C@H]1[C@H](O)CC(=O)[C@@H]1CCCCCCC(=O)OC
DB00933,CN1CCCCC1CCN1C2=CC=CC=C2SC2=C1C=C(C=C2)S(C)=O
DB00936,OC(=O)C1=CC=CC=C1O
DB00937,CCN(CC)C(C)C(=O)C1=CC=CC=C1
DB00938,OCC1=C(O)C=CC(=C1)C(O)CNCCCCCCOCCCCC1=CC=CC=C1
DB00939,CC1=C(Cl)C(NC2=CC=CC=C2C(O)=O)=C(Cl)C=C1
DB00945,CC(=O)OC1=CC=CC=C1C(O)=O
DB00947,[H][C@@]12CC[C@H](O)[C@@]1(C)CC[C@@]1([H])C2[C@H](CCCCCCCCCS(=O)CCCC(F)(F)C(F)(F)F)CC2=CC(O)=CC=C12
DB00949,NC(=O)OCC(COC(N)=O)C1=CC=CC=C1
DB00952,CNS(=O)(=O)CCC1=CC2=C(NC=C2C2CCN(C)CC2)C=C1
DB00953,CN(C)CCC1=CNC2=C1C=C(CN1C=NC=N1)C=C2
DB00956,[H][C@@]12OC3=C(OC)C=CC4=C3[C@@]11CCN(C)[C@]([H])(C4)[C@]1([H])CCC2=O
DB00957,[H][C@@]12CC[C@@](OC(C)=O)(C#C)[C@@]1(CC)CC[C@]1([H])[C@@]3([H])CCC(C=C3CC[C@@]21[H])=N/O
DB00958,N.N.O=C1O[Pt]OC(=O)C11CCC1
DB00959,[H][C@@]12CC[C@](O)(C(=O)CO)[C@@]1(C)C[C@H](O)[C@@]1([H])[C@@]2([H])C[C@H](C)C2=CC(=O)C=C[C@]12C
DB00960,CC(C)NCC(O)COC1=CC=CC2=C1C=CN2
DB00963,NC1=C(CC(O)=O)C=CC=C1C(=O)C1=CC=C(Br)C=C1
DB00966,CCCC1=NC2=C(C=C(C=C2C)C2=NC3=CC=CC=C3N2C)N1CC1=CC=C(C=C1)C1=CC=CC=C1C(O)=O
DB00968,C[C@](N)(CC1=CC=C(O)C(O)=C1)C(O)=O
DB00969,CN1C2=C(C3=CC=CC=C13)C(=O)N(CC1=C(C)NC=N1)CC2
DB00975,OCCN(CCO)C1=NC2=C(N=C(N=C2N2CCCCC2)N(CCO)CCO)C(=N1)N1CCCCC1
DB00977,[H][C@@]12CC[C@@](O)(C#C)[C@@]1(C)CC[C@]1([H])C3=C(CC[C@@]21[H])C=C(O)C=C3
DB00982,CC(C=CC1=C(C)CCCC1(C)C)=C/C=C/C(/C)=CC(O)=O
DB00983,COC1=CC=C(CC(C)NCC(O)C2=CC(NC=O)=C(O)C=C2)C=C1
DB00987,NC1=NC(=O)N(C=C1)[C@@H]1O[C@H](CO)[C@@H](O)[C@@H]1O
DB00988,NCCC1=CC(O)=C(O)C=C1
DB00989,CCN(C)C(=O)OC1=CC=CC(=C1)[C@H](C)N(C)C
DB00990,[H][C@@]12CCC(=O)[C@@]1(C)CC[C@@]1([H])[C@@]2([H])CC(=C)C2=CC(=O)C=C[C@]12C
DB00991,OC(=O)CCC1=NC(=C(O1)C1=CC=CC=C1)C1=CC=CC=C1
DB00992,COC(=O)CCC(=O)CN
DB00993,CN1C=NC(=C1SC1=NC=NC2=C1NC=N2)[N+]([O-])=O
DB00995,CCP(CC)(CC)=[Au]S[C@@H]1O[C@H](COC(C)=O)[C@@H](OC(C)=O)[C@H](OC(C)=O)[C@H]1OC(C)=O
DB00996,NCC1(CC(O)=O)CCCCC1
DB00997,COC1=CC=CC2=C1C(=O)C1=C(O)C3=C(C[C@](O)(C[C@@H]3O[C@H]3C[C@H](N)[C@H](O)[C@H](C)O3)C(=O)CO)C(O)=C1C2=O
DB00998,CN[C@@H]1CCC2=C(C1)C1=C(N2)C=CC(=C1)C(N)=O
DB00999,NS(=O)(=O)C1=C(Cl)C=C2NCNS(=O)(=O)C2=C1
DB01001,CC(C)(C)NCC(O)C1=CC(CO)=C(O)C=C1
DB01002,CCCCN1CCCC[C@H]1C(=O)NC1=C(C)C=CC=C1C
DB01003,OC(COC1=CC=CC2=C1C(=O)C=C(O2)C(O)=O)COC1=CC=CC2=C1C(=O)C=C(O2)C(O)=O
DB01005,NC(=O)NO
DB01006,N#CC1=CC=C(C=C1)C(N1C=NC=N1)C1=CC=C(C=C1)C#N
DB01008,CS(=O)(=O)OCCCCOS(C)(=O)=O
DB01009,CC(C(O)=O)C1=CC(=CC=C1)C(=O)C1=CC=CC=C1
DB01013,[H][C@@]12C[C@H](C)[C@](OC(=O)CC)(C(=O)CCl)[C@@]1(C)C[C@H](O)[C@@]1(F)[C@@]2([H])CCC2=CC(=O)C=C[C@]12C
DB01014,OC(=O)CCNC(=O)C1=CC=C(C=C1)N=NC1=CC=C(O)C(=C1)C(O)=O
DB01016,COC1=C(C=C(Cl)C=C1)C(=O)NCCC1=CC=C(C=C1)S(=O)(=O)NC(=O)NC1CCCCC1
DB01017,[H][C@@]12CC3=C(C(O)=CC=C3N(C)C)C(=O)C1=C(O)[C@]1(O)C(=O)C(C(N)=O)=C(O)[C@@H](N(C)C)[C@]1([H])C2
DB01018,NC(=N)NC(=O)CC1=C(Cl)C=CC=C1Cl
DB01019,CC(C[N+](C)(C)C)OC(N)=O
DB01020,[H][C@]12OC[C@@H](O[N+]([O-])=O)[C@@]1([H])OC[C@@H]2O
DB01023,CCOC(=O)C1=C(C)NC(C)=C(C1C1=C(Cl)C(Cl)=CC=C1)C(=O)OC
DB01029,CCCCC1=NC2(CCCC2)C(=O)N1CC1=CC=C(C=C1)C1=CC=CC=C1C1=NNN=N1
DB01030,CC[C@@]1(O)C(=O)OCC2=C1C=C1N(CC3=CC4=C(C=CC(O)=C4CN(C)C)N=C13)C2=O
DB01033,S=C1N=CNC2=C1NC=N2
DB01035,CCN(CC)CCNC(=O)C1=CC=C(N)C=C1
DB01039,CC(C)OC(=O)C(C)(C)OC1=CC=C(C=C1)C(=O)C1=CC=C(Cl)C=C1
DB01041,O=C1N(C2CCC(=O)NC2=O)C(=O)C2=CC=CC=C12
DB01042,N[C@@H](CC1=CC=C(C=C1)N(CCCl)CCCl)C(O)=O
DB01043,CC12CC3CC(C)(C1)CC(N)(C3)C2
DB01045,CO[C@H]1C=CO[C@@]2(C)OC3=C(C2=O)C2=C(O)C(C=NN4CCN(C)CC4)=C(NC(=O)C(C)=C/C=C/[C@H](C)[C@H](O)[C@@H](C)[C@@H](O)[C@@H](C)[C@H](OC(C)=O)[C@@H]1C)C(O)=C2C(O)=C3C
DB01050,CC(C)CC1=CC=C(C=C1)C(C)C(O)=O
DB01058,O=C(C1CCCCC1)N1CC2N(CCC3=CC=CC=C23)C(=O)C1
DB01062,CCN(CC)CC#CCOC(=O)C(O)(C1CCCCC1)C1=CC=CC=C1
DB01063,CC(=O)C1=CC=C2SC3=C(C=CC=C3)N(CCCN3CCN(CCO)CC3)C2=C1
DB01064,CC(C)NCC(O)C1=CC(O)=C(O)C=C1
DB01067,CC1=CN=C(C=N1)C(=O)NCCC1=CC=C(C=C1)S(=O)(=O)NC(=O)NC1CCCCC1
DB01068,[O-][N+](=O)C1=CC2=C(NC(=O)CN=C2C2=CC=CC=C2Cl)C=C1
DB01069,CC(CN1C2=CC=CC=C2SC2=CC=CC=C12)N(C)C
DB01070,CC(C)[C@@H](C)C=C[C@@H](C)[C@@]1([H])CC[C@@]2([H])C(CCC[C@]12C)=CC=C1/C[C@@H](O)CC[C@@H]1C
DB01072,COC(=O)N[C@H](C(=O)N[C@@H](CC1=CC=CC=C1)[C@@H](O)CN(CC1=CC=C(C=C1)C1=CC=CC=N1)NC(=O)[C@@H](NC(=O)OC)C(C)(C)C)C(C)(C)C
DB01073,NC1=C2N=CN([C@@H]3O[C@H](COP(O)(O)=O)[C@@H](O)[C@@H]3O)C2=NC(F)=N1
DB01075,CN(C)CCOC(C1=CC=CC=C1)C1=CC=CC=C1
DB01076,CC(C)C1=C(C(=O)NC2=CC=CC=C2)C(=C(N1CCC(O)CC(O)CC([O-])=O)C1=CC=C(F)C=C1)C1=CC=CC=C1
DB01080,NC(CCC(O)=O)C=C
DB01083,CCCCCCCCCCC[C@@H](C[C@@H]1OC(=O)[C@H]1CCCCCC)OC(=O)[C@H](CC(C)C)NC=O
DB01085,CC[C@H]1[C@@H](CC2=CN=CN2C)COC1=O
DB01086,CCOC(=O)C1=CC=C(N)C=C1
DB01088,CC#CCC(C)C(O)C=CC1C(O)CC2CC(CC12)=CCCCC(=O)OCC(=O)C1=CC=CC=C1
DB01095,CC(C)N1C(C=C[C@@H](O)C[C@@H](O)CC(O)=O)=C(C2=CC=CC=C12)C1=CC=C(F)C=C1
DB01098,CC(C)C1=NC(=NC(C2=CC=C(F)C=C2)=C1C=C[C@@H](O)C[C@@H](O)CC(=O)O)N(C)S(C)(=O)=O
DB01099,NC1=C(F)C=NC(=O)N1
DB01101,CCCCCOC(=O)NC1=NC(=O)N(C=C1F)[C@@H]1O[C@H](C)[C@@H](O)[C@H]1O
DB01104,CN[C@H]1CC[C@@H](C2=CC(Cl)=C(Cl)C=C2)C2=CC=CC=C12
DB01105,CC(C)CC(N(C)C)C1(CCC1)C1=CC=C(Cl)C=C1
DB01110,ClC1=CC(Cl)=C(COC(CN2C=CN=C2)C2=C(Cl)C=C(Cl)C=C2)C=C1
DB01113,COC1=C(OC)C=C(CC2=NC=CC3=CC(OC)=C(OC)C=C23)C=C1
DB01115,COC(=O)C1=C(C)NC(C)=C(C1C1=CC=CC=C1[N+]([O-])=O)C(=O)OC
DB01118,CCCCC1=C(C(=O)C2=CC(I)=C(OCCN(CC)CC)C(I)=C2)C2=CC=CC=C2O1
DB01120,[H][C@@]12CCC[C@]1([H])CN(C2)NC(=O)NS(=O)(=O)C1=CC=C(C)C=C1
DB01122,CC[N+](CC)(CCNC(=O)C(=O)NCC[N+](CC)(CC)CC1=CC=CC=C1Cl)CC1=CC=CC=C1Cl
DB01124,CCCCNC(=O)NS(=O)(=O)C1=CC=C(C)C=C1
DB01125,COC1=CC=C(C=C1)C1C(=O)C2=CC=CC=C2C1=O
DB01128,CC(O)(CS(=O)(=O)C1=CC=C(F)C=C1)C(=O)NC1=CC(=C(C=C1)C#N)C(F)(F)F
DB01129,COCCCOC1=C(C)C(CS(=O)C2=NC3=CC=CC=C3N2)=NC=C1
DB01132,CCC1=CN=C(CCOC2=CC=C(CC3SC(=O)NC3=O)C=C2)C=C1
DB01133,OP(O)(=O)C(SC1=CC=C(Cl)C=C1)P(O)(O)=O
DB01136,COC1=CC=CC=C1OCCNCC(O)COC1=CC=CC2=C1C1=CC=CC=C1N2
DB01137,C[C@H]1COC2=C3N1C=C(C(O)=O)C(=O)C3=CC(F)=C2N1CCN(C)CC1
DB01142,[H]C(CCN(C)C)=C1C2=CC=CC=C2COC2=CC=CC=C12
DB01143,NCCCNCCSP(O)(O)=O
DB01148,CC1=C(OC2=C(C=CC=C2C(=O)OCCN2CCCCC2)C1=O)C1=CC=CC=C1
DB01151,CNCCCN1C2=CC=CC=C2CCC2=CC=CC=C12
DB01156,CC(NC(C)(C)C)C(=O)C1=CC(Cl)=CC=C1
DB01157,COC1=CC(NCC2=C(C)C3=C(C=C2)N=C(N)N=C3N)=CC(OC)=C1OC
DB01161,CCN(CC)CCOC(=O)C1=C(Cl)C=C(N)C=C1
DB01162,COC1=C(OC)C=C2C(N)=NC(=NC2=C1)N1CCN(CC1)C(=O)C1CCCO1
DB01165,CC1COC2=C3N1C=C(C(O)=O)C(=O)C3=CC(F)=C2N1CCN(C)CC1
DB01167,CCC(C)N1N=CN(C1=O)C1=CC=C(C=C1)N1CCN(CC1)C1=CC=C(OC[C@H]2CO[C@@](CN3C=NC=N3)(O2)C2=C(Cl)C=C(Cl)C=C2)C=C1
DB01169,O1[As]2O[As]1O2
DB01170,NC(N)=NCCN1CCCCCCC1
DB01173,CN(C)CCOC(C1=CC=CC=C1)C1=CC=CC=C1C
DB01174,CCC1(C(=O)NC(=O)NC1=O)C1=CC=CC=C1
DB01175,CN(C)CCC[C@]1(OCC2=C1C=CC(=C2)C#N)C1=CC=C(F)C=C1
DB01176,CN1CCN(CC1)C(C1=CC=CC=C1)C1=CC=CC=C1
DB01177,C[C@@H]1O[C@H](C[C@H](N)[C@@H]1O)O[C@H]1C[C@@](O)(CC2=C1C(O)=C1C(=O)C3=CC=CC=C3C(=O)C1=C2O)C(C)=O
DB01181,ClCCNP1(=O)OCCCN1CCCl
DB01182,CCCNCC(O)COC1=CC=CC=C1C(=O)CCC1=CC=CC=C1
DB01185,[H][C@@]12CC[C@](C)(O)[C@@]1(C)C[C@H](O)[C@@]1(F)[C@@]2([H])CCC2=CC(=O)CC[C@]12C
DB01186,[H][C@@]12CC3=CNC4=CC=CC(=C34)[C@@]1([H])C[C@@H](CSC)CN2CCC
DB01188,CC1=CC(=O)N(O)C(=C1)C1CCCCC1
DB01189,FC(F)OC(F)C(F)(F)F
DB01192,[H][C@@]12OC3=C(O)C=CC4=C3[C@@]11CCN(C)[C@]([H])(C4)[C@]1(O)CCC2=O
DB01193,CCCC(=O)NC1=CC(C(C)=O)=C(OCC(O)CNC(C)C)C=C1
DB01194,CCN[C@H]1CN(CCCOC)S(=O)(=O)C2=C1C=C(S2)S(N)(=O)=O
DB01195,FC(F)(F)COC1=CC(C(=O)NCC2CCCCN2)=C(OCC(F)(F)F)C=C1
DB01196,[H][C@@]12CC[C@H](O)[C@@]1(C)CC[C@]1([H])C3=CC=C(OC(=O)N(CCCl)CCCl)C=C3CC[C@@]21[H]
DB01197,C[C@H](CS)C(=O)N1CCC[C@H]1C(O)=O
DB01200,[H][C@@]12CCCN1C(=O)[C@H](CC(C)C)N1C(=O)[C@](NC(=O)[C@H]3CN(C)[C@]4([H])CC5=C(Br)NC6=CC=CC(=C56)C4=C3)(O[C@@]21O)C(C)C
DB01202,CC[C@@H](N1CCCC1=O)C(N)=O
DB01203,CC(C)(C)NCC(O)COC1=CC=CC2=C1C[C@H](O)[C@H](O)C2
DB01204,OCCNCCNC1=C2C(=O)C3=C(O)C=CC(O)=C3C(=O)C2=C(NCCNCCO)C=C1
DB01210,CC(C)(C)NC[C@H](O)COC1=CC=CC2=C1CCCC2=O
DB01214,CC(C)NCC(O)COC1=C(C)C(C)=C(OC(C)=O)C(C)=C1
DB01216,[H][C@@]12CC[C@H](C(=O)NC(C)(C)C)[C@@]1(C)CC[C@@]1([H])[C@@]2([H])CC[C@@]2([H])NC(=O)C=C[C@]12C
DB01217,CC(C)(C#N)C1=CC(=CC(CN2C=NC=N2)=C1)C(C)(C)C#N
DB01219,[O-][N+](=O)C1=CC=C(C=C1)C1=CC=C(O1)C=NN1CC(=O)NC1=O
DB01221,CNC1(CCCCC1=O)C1=CC=CC=C1Cl
DB01222,[H][C@@]12C[C@H]3OC(CCC)O[C@@]3(C(=O)CO)[C@@]1(C)C[C@H](O)[C@@]1([H])[C@@]2([H])CCC2=CC(=O)C=C[C@]12C
DB01223,NCCN.CN1C2=C(NC=N2)C(=O)N(C)C1=O.CN1C2=C(NC=N2)C(=O)N(C)C1=O
DB01224,OCCOCCN1CCN(CC1)C1=NC2=CC=CC=C2SC2=CC=CC=C12
DB01225,CC(=O)NC1C(O)OC(COS(O)(=O)=O)C(OC2OC(C(OC3OC(CO)C(OC4OC(C(O)C(O)C4OS(O)(=O)=O)C(O)=O)C(OS(O)(=O)=O)C3NS(O)(=O)=O)C(O)C2OS(O)(=O)=O)C(O)=O)C1O
DB01228,COC1=CC=C(C=C1)C(=O)NC1=CC=CC=C1CCC1CCCCN1C
DB01229,[H][C@]12[C@H](OC(=O)C3=CC=CC=C3)[C@]3(O)C[C@H](OC(=O)[C@H](O)[C@@H](NC(=O)C4=CC=CC=C4)C4=CC=CC=C4)C(C)=C([C@@H](OC(C)=O)C(=O)[C@]1(C)[C@@H](O)C[C@H]1OC[C@@]21OC(C)=O)C3(C)C
DB01231,OC(CCCN1CCCCC1)(C1=CC=CC=C1)C1=CC=CC=C1
DB01232,CC(C)(C)NC(=O)[C@@H]1CC2CCCCC2CN1C[C@@H](O)[C@H](CC1=CC=CC=C1)NC(=O)[C@H](CC(N)=O)NC(=O)C1=NC2=CC=CC=C2C=C1
DB01233,CCN(CC)CCNC(=O)C1=CC(Cl)=C(N)C=C1OC
DB01234,[H][C@@]12C[C@@H](C)[C@](O)(C(=O)CO)[C@@]1(C)C[C@H](O)[C@@]1(F)[C@@]2([H])CCC2=CC(=O)C=C[C@]12C
DB01235,N[C@@H](CC1=CC(O)=C(O)C=C1)C(O)=O
DB01238,ClC1=CC=CC(N2CCN(CCCCOC3=CC4=C(CCC(=O)N4)C=C3)CC2)=C1Cl
DB01240,[H][C@]12C[C@@H](O)[C@H](C=C[C@@H](O)CCCCC)[C@@]1([H])CC(O2)=CCCCC(O)=O
DB01241,CC1=CC(OCCCC(C)(C)C(O)=O)=C(C)C=C1
DB01242,CN(C)CCCN1C2=CC=CC=C2CCC2=C1C=C(Cl)C=C2
DB01244,CC(C)COCC(CN(CC1=CC=CC=C1)C1=CC=CC=C1)N1CCCC1
DB01248,[H][C@@]12C[C@H](O)[C@@]3(C)C(=O)[C@H](O)C4=C(C)[C@H](C[C@@](O)([C@@H](OC(=O)C5=CC=CC=C5)[C@]3([H])[C@@]1(CO2)OC(C)=O)C4(C)C)OC(=O)[C@H](O)[C@@H](NC(=O)OC(C)(C)C)C1=CC=CC=C1
DB01254,CC1=NC(NC2=NC=C(S2)C(=O)NC2=C(C)C=CC=C2Cl)=CC(=N1)N1CCN(CCO)CC1
DB01255,C[C@@H](CC1=CC=CC=C1)NC(=O)[C@@H](N)CCCCN
DB01259,CS(=O)(=O)CCNCC1=CC=C(O1)C1=CC2=C(C=C1)N=CN=C2NC1=CC(Cl)=C(OCC2=CC(F)=CC=C2)C=C1
DB01260,[H][C@@]12C[C@@]3([H])[C@]4([H])CCC5=CC(=O)C=C[C@]5(C)[C@@]4([H])[C@@H](O)C[C@]3(C)[C@@]1(OC(C)(C)O2)C(=O)CO
DB01261,N[C@@H](CC(=O)N1CCN2C(C1)=NN=C2C(F)(F)F)CC1=CC(F)=C(F)C=C1F
DB01262,NC1=NC(=O)N(C=N1)[C@H]1C[C@H](O)[C@@H](CO)O1
DB01267,CC1=C(CCN2CCC(CC2)C2=NOC3=C2C=CC(F)=C3)C(=O)N2CCCC(O)C2=N1
DB01268,CCN(CC)CCNC(=O)C1=C(C)NC(C=C2/C(=O)NC3=C2C=C(F)C=C3)=C1C
DB01275,NNC1=NN=CC2=CC=CC=C12
DB01291,CC(C)(C)NCC(O)C1=NC(CO)=C(O)C=C1
DB01294,O[Bi]1OC(=O)C2=CC=CC=C2O1
DB01296,N[C@H]1C(O)O[C@H](CO)[C@@H](O)[C@@H]1O
DB01320,OP(O)(=O)OCN1C(=O)NC(C1=O)(C1=CC=CC=C1)C1=CC=CC=C1
DB01327,[H][C@]12SCC(CSC3=NN=C(C)S3)=C(N1C(=O)[C@H]2NC(=O)CN1C=NN=N1)C(O)=O
DB01351,CCC1(CCC(C)C)C(=O)NC(=O)NC1=O
DB01356,[Li+]
DB01359,CC(C)(C)NC[C@H](O)COC1=CC=CC=C1C1CCCC1
DB01364,CN[C@@H](C)[C@H](O)C1=CC=CC=C1
DB01367,C#CCN[C@@H]1CCC2=CC=CC=C12
DB01378,[Mg++]
DB01394,COC1=CC2=C(C(OC)=C1OC)C1=CC=C(OC)C(=O)C=C1C(CC2)NC(C)=O
DB01395,[H][C@@]12C[C@]1([H])[C@@]1([H])[C@]3([H])[C@]4([H])C[C@]4([H])[C@@]4(CCC(=O)O4)[C@@]3(C)CC[C@]1([H])[C@@]1(C)CCC(=O)C=C21
DB01399,OC(=O)C1=CC=CC=C1OC(=O)C1=CC=CC=C1O
DB01400,CN(C)C(=O)OC1=CC(=CC=C1)[N+](C)(C)C
DB01403,COC1=CC2=C(SC3=C(C=CC=C3)N2C[C@H](C)CN(C)C)C=C1
DB01406,[H][C@@]12CC[C@@](O)(C#C)[C@@]1(C)CC[C@@]1([H])[C@@]2([H])CCC2=CC3=C(C[C@]12C)C=NO3
DB01410,[H][C@@]12C[C@@]3([H])[C@]4([H])CCC5=CC(=O)C=C[C@]5(C)[C@@]4([H])[C@@H](O)C[C@]3(C)[C@@]1(OC(O2)C1CCCCC1)C(=O)COC(=O)C(C)C
DB01427,NC1=CC(=CNC1=O)C1=CC=NC=C1
DB01551,[H][C@@]12OC3=C(OC)C=CC4=C3[C@@]11CCN(C)[C@]([H])(C4)[C@]1([H])CC[C@@H]2O
DB01576,C[C@H](N)CC1=CC=CC=C1
DB01577,CN[C@@H](C)CC1=CC=CC=C1
DB01579,CC1C(OCCN1C)C1=CC=CC=C1
DB01590,CO[C@@H]1C[C@H](C[C@H](C)C2CC(=O)[C@H](C)C=C(C)[C@@H](O)[C@@H](OC)C(=O)[C@@H](C)C[C@@H](C)C=CC=CC=C(C)[C@H](C[C@H]3CC[C@H](C)[C@](O)(O3)C(=O)C(=O)N3CCCC[C@@H]3C(=O)O2)OC)CC[C@H]1OCCO
DB01623,CN(C)S(=O)(=O)C1=CC2=C(SC3=CC=CC=C3C2=CCCN2CCN(C)CC2)C=C1
DB01677,[O-]C(=O)C=CC([O-])=O
DB02546,ONC(=O)CCCCCCC(=O)NC1=CC=CC=C1
DB03796,CCCCCCCCCCCCCCCC(O)=O
DB03904,NC(N)=O
DB04272,OC(=O)CC(O)(CC(O)=O)C(O)=O
DB04844,COC1=C(OC)C=C2C3CC(=O)C(CC(C)C)CN3CCC2=C1
DB04861,OC(CNCC(O)C1CCC2=C(O1)C=CC(F)=C2)C1CCC2=C(O1)C=CC(F)=C2
DB06287,OCC(C)(CO)C(=O)O[C@@H]1CC[C@@H](C[C@@H](C)[C@]2([H])CC(=O)[C@H](C)C=C(C)[C@@H](O)[C@@H](OC)C(=O)[C@H](C)C[C@H](C)C=CC=CC=C(C)[C@@H](OC)C[C@]3([H])CC[C@@H](C)[C@@](O)(O3)C(=O)C(=O)N3CCCC[C@H]3C(=O)O2)C[C@H]1OC
DB09026,COCCCOC1=C(OC)C=CC(C[C@@H](C[C@H](N)[C@@H](O)C[C@@H](C(C)C)C(=O)NCC(C)(C)C(N)=O)C(C)C)=C1
